<?xml version="1.0" encoding="UTF-8"?>

<bird_list>
	<!--https://nzbirdsonline.org.nz/species/subantarctic-skua  -->
	<bird>
		<english_name>Subantarctic skua</english_name>
		<maori_name>Hākoakoa</maori_name>
		<scientific_name>Stercorarius antarcticus</scientific_name>
		<conservation_status>Nationally Vulnerable</conservation_status>
		<classification>Seabird</classification>
		<other_names> 
			brown skua, southern skua, southern great skua, hākoakoa, hakoakoa
		</other_names>
		<length>64cm</length>
		<weight>1.5 - 2.2 kg</weight>
		<bird_id>0</bird_id>
		<information>
			The subantarctic skua is, alongside giant petrels, a top avian predator in the subantarctic and other southern New Zealand islands. In contrast to the gulls, it is a truly oceanic seabird. Not regularly seen from mainland New Zealand, they are distinctive heavy dark birds of offshore waters, strikingly larger and more powerful than southern black-backed gulls.
		</information>
		<image>../images/skua.jpg</image>
	</bird>

	<!--https://nzbirdsonline.org.nz/species/south-island-takahe  -->
	<bird>
		<english_name>South Island takahe</english_name>
		<maori_name>Takahē</maori_name>
		<scientific_name>Porphyrio hochstetteri</scientific_name>
		<conservation_status>Nationally Vulnerable</conservation_status>
		<classification>Flightless</classification>
		<other_names>notornis</other_names>
		<length>50 cm</length>
		<weight>2 - 3.5 kg</weight>
		<bird_id>1</bird_id>
		<information>
			The South Island takahē is a rare relict of the flightless, vegetarian bird fauna which once ranged New Zealand. Four specimens were collected from Fiordland between 1849 and 1898, after which takahē were considered to be extinct until famously rediscovered in the Murchison Mountains, west of Lake Te Anau, in 1948. Until the 1980s, takahē were confined in the wild to the Murchison Mountains. They have since been translocated to seven islands and several mainland sites, making them more accessible to many New Zealanders. Conservation work by the Department Of Conservation and community groups aims to prevent extinction and restore takahē to sites throughout their original range. The success of DOC's Takahē Recovery Programme relies heavily on a partnership with Mitre 10 who through Mitre 10 Takahē Rescue is helping to ensure the long-term survival of this treasured species.
		</information>
		<image>../images/takahe.jpg</image>
	</bird>

	<!--https://nzbirdsonline.org.nz/species/kakapo -->
	<bird>
		<english_name>Kakapo</english_name>
		<maori_name>Kākāpō</maori_name>
		<scientific_name>Strigops habroptila</scientific_name>
		<conservation_status>Nationally Critical</conservation_status>
		<classification>Flightless</classification>
		<other_names>owl-parrot, tarepo, tarapo, night parrot</other_names>
		<length>58 - 64 cm</length>
		<weight> 2 - 4 kg (males), 1 - 2.5 kg (females)</weight>
		<bird_id>2</bird_id>
		<information>
			The kakapo is a large, nocturnal, flightless, lek-breeding parrot – a real oddity. It is also critically endangered, and the focus of considerable conservation attention. Before humans arrived it was common throughout New Zealand’s forests, but predation by introduced mammals brought it to the brink of extinction - a low point of about 50 birds only in the mid 1990s. The transfer of the whole population to predator-free islands and intensive intervention in every stage of its life has led to a steady increase in numbers. Kakapo have no close relatives.
		</information>
		<image>../images/kakapo.jpg</image>
	</bird>

	<!--https://nzbirdsonline.org.nz/species/banded-dotterel -->
	<bird>
		<english_name>Banded dotterel</english_name>
		<maori_name>Pohowera</maori_name>
		<scientific_name>Charadrius bicinctus</scientific_name>
		<conservation_status>Declining</conservation_status>
		<classification>Land</classification>
		<other_names>double-banded plover, tūturiwhatu, tuturiwhatu</other_names>
		<length>20 cm</length>
		<weight>60 g</weight>
		<bird_id>3</bird_id>
		<information>
			The banded dotterel is the most common small plover of New Zealand seashores, estuaries and riverbeds. Although their plumage varies seasonally, they are readily identified by their brown upperparts and complete or partial chestnut breast band, the latter being quite striking in breeding plumage. Like other typical plovers, the body is held erect and they have a characteristic run-stop-peck-run foraging behaviour in their pursuit of small invertebrates Inland-breeding birds undertake a post-breeding migration to estuaries and other coastal wetlands the length of New Zealand and many also travel to Tasmania and south-east mainland Australia in an unusual east-west migration.
		</information>
		<image_220>dotterel-220.jpg</image_220>
		<alt>Banded dotterel | Pohowera. Adult in breeding plumage. Napier, Hawke's Bay, December 2009. Image © Neil Fitzgerald by Neil Fitzgerald www.neilfitzgeraldphoto.co.nz</alt>
		<source>https://nzbirdsonline.org.nz/species/banded-dotterel</source>
	</bird>

	<!--https://nzbirdsonline.org.nz/species/pied-shag  -->
	<bird>
		<english_name>Pied shag</english_name>
		<maori_name>Kāruhiruhi</maori_name>
		<scientific_name>Phalacrocorax varius</scientific_name>
		<conservation_status>Recovering</conservation_status>
		<classification>Seabird</classification>
		<other_names>
			pied cormorant, karuhiruhi, kawau, yellow-faced cormorant , large pied shag
		</other_names>
		<length>65 - 85 cm</length>
		<weight>1.3 - 2.1 kg</weight>
		<bird_id>4</bird_id>
		<information>
			This large black-and-white shag is often seen individually or in small groups roosting on rocky headlands, trees or artificial structures. In regions where it occurs, it can usually be readily seen about harbours and estuaries associated with cities or towns. Unlike most other shag species, the pied shag is reasonably confiding, allowing close approach when roosting or nesting in trees. It generally forages alone, but occasionally in small groups when prey is abundant.
		</information>
		<image>../images/shag.jpg</image>
	</bird>
	
	<!--https://nzbirdsonline.org.nz/species/chestnut-breasted-shelduck  -->
	<bird>
		<english_name>Chestnut-breasted shelduck</english_name>
		<maori_name></maori_name>
		<scientific_name>Tadorna tadornoides</scientific_name>
		<conservation_status>Vagrant</conservation_status>
		<classification>Wetland</classification>
		<other_names>
			mountain duck, Australian shelduck, chestnut-coloured shelduck, chestnut shelduck, mountain shelduck, grunter, chestnut breasted shelduck, chestnutbreasted shelduck
		</other_names>
		<length>56 - 72 cm</length>
		<weight>1.3 - 1.6 kg</weight>
		<bird_id>5</bird_id>
		<information>
			The chestnut-breasted shelduck is a frequent visitor to New Zealand. It is closely related to the endemic paradise shelduck with which it shares many plumage features. Chestnut-breasted shelducks often fly several hundred kilometres between breeding sites (used in winter and spring), to moulting sites, where they congregate in large numbers. Although apparently faithful to its nesting locations, the place where moult occurs can vary from year to year. Until the 1970s, it was known in Australia as the mountain duck, but is now most commonly referred to there as the Australian shelduck.
		</information>
		<image>../images/shelduck.jpg</image>
	</bird>

	<!--https://nzbirdsonline.org.nz/species/australian-white-eyed-duck  -->
	<bird>
		<english_name>Australian white-eyed duck</english_name>
		<maori_name>Karakahia</maori_name>
		<scientific_name>Aythya australis</scientific_name>
		<conservation_status>Vagrant</conservation_status>
		<classification>Wetland</classification>
		<other_names>
			hardhead, Australian white eyed duck, Australian whiteeyed duck
		</other_names>
		<length>45 - 60 cm</length>
		<weight>700 - 800 g</weight>
		<bird_id>6</bird_id>
		<information>
			The Australian white-eyed duck is now considered a vagrant in New Zealand, but it apparently had a breeding population here until the late 1800s. Maori were aware of it, giving it the name karakahia. It now breeds only in Australia, but regularly ranges to the north, including to Indonesia (one breeding record), New Guinea, Vanuatu, New Caledonia and Norfolk Island. It is Australia's only true diving duck and exhibits similar behaviour to the New Zealand scaup.
		</information>
		<image>../images/white_eyed_duck.jpg</image>
	</bird>

	<!--https://nzbirdsonline.org.nz/species/sharp-tailed-sandpiper  -->
	<bird>
		<english_name>Sharp-tailed sandpiper</english_name>
		<maori_name>Kohutapu</maori_name>
		<scientific_name>Calidris acuminata</scientific_name>
		<conservation_status>Migrant</conservation_status>
		<classification>Seabird</classification>
		<other_names>sharp tailed sandpiper, sharptailed sandpiper</other_names>
		<length>18 - 22 cm</length>
		<weight>65 g</weight>
		<bird_id>7</bird_id>
		<information>
			The Calidris sandpipers are a bewildering group of small to medium-sized waders, many of which are very similar to each other. Almost all are long-distance migrants, and so are capable of crossing the vast expanses of ocean required to get to New Zealand. Four members of the genus visit New Zealand often enough to be considered regular migrants, but another 12 species have been identified in New Zealand on at least one occasion. The sharp-tailed sandpiper is one of the regulars, along with lesser knot, red-necked stint and curlew sandpiper. Until the 1990s, up to 200 sharp-tailed sandpipers visited New Zealand each summer, and could be found in flocks of 5-10 birds at favoured estuaries and wetlands scattered throughout the country. Their numbers have since plummeted, and perhaps as few as 30 birds are now reaching New Zealand each year. Because New Zealand is on the edge of the sharp-tailed sandpiper range, it is unclear whether the large decline in the number of birds arriving here mirrors overall population trends, or whether it reflects a change in migration patterns, with a lower proportion of birds crossing the Tasman Sea. Both the common name and the scientific name (acuminata) refer to the individually sharply-pointed tail feathers, a feature only apparent if the bird is in the hand.
		</information>
		<image>../images/sandpiper.jpg</image>
	</bird>

	<!--https://nzbirdsonline.org.nz/species/little-tern  -->
	<bird>
		<english_name>Little tern</english_name>
		<maori_name>Tara teo</maori_name>
		<scientific_name>Sternula albifrons</scientific_name>
		<conservation_status>Migrant</conservation_status>
		<classification>Seabird</classification>
		<other_names></other_names>
		<length>25 cm</length>
		<weight>50 g</weight>
		<bird_id>8</bird_id>
		<information>
			Although small numbers of little terns visit New Zealand every year, it took some time before they were recognised as being New Zealand birds. They are very similar to the now rare fairy tern, especially in the nondescript non-breeding and immature plumages most often seen in New Zealand. Even museum specimens were misidentified and over-looked. Careful observations by Ross McKenzie and Dick Sibson led to the presence of little terns being confirmed on the Miranda coast, Firth of Thames in the 1950s. By this time, the fairy tern had become one of New Zealand's rarest birds, and the little tern is now known to be the commonest small tern in the country over the summer. Further observations have shown that birds seen in New Zealand come from two different populations; most of them are northern hemisphere migrants that spend their non-breeding season in New Zealand but a few are from the population breeding in Australia and they can be recognised by having a moult cycle that is six months different.
		</information>
		<image>../images/tern.jpg</image>
	</bird>

	<!--https://nzbirdsonline.org.nz/species/southern-giant-petrel  -->
	<bird>
		<english_name>Southern giant petrel</english_name>
		<maori_name>Pāngurunguru</maori_name>
		<scientific_name>Macronectes giganteus</scientific_name>
		<conservation_status>Migrant</conservation_status>
		<classification>Seabird</classification>
		<other_names>
			nelly, stinker, pangurunguru, giant fulmar, glutton, stinkpot, sea vulture
		</other_names>
		<length>80 -100 cm</length>
		<weight>3.8 - 5.0 kg</weight>
		<bird_id>9</bird_id>
		<information>
			Giant petrels are large fulmarine petrels, the size of a mollymawk, with a large wingspan and huge bill. Although they resemble mollymawks and albatrosses, they are more closely related to five smaller fulmarine petrel species, including the Antarctic fulmar, Cape petrel and snow petrel. They have two large tube nostrils that are joined together on the top of the huge bill, in contrast to those of albatrosses which are smaller and separated, lying one on each side of the bill. Giant petrels' wings are shorter than mollymawks' and albatross', relative to body length. There are two species of giant petrel, both with circumpolar distributions, and both of which occur in New Zealand waters. The southern giant petrel is the largest petrel species, reaching the size of a small albatross. They are aggressive and opportunistic, scavenging penguin, albatross, seal and whale carrion, and ship offal, and preying on penguin and albatross chicks and other seabirds up to the size of an adult albatross. They also take fish and squid from the sea surface.
		</information>
		<image>../images/petrel.jpg</image>
	</bird>

	<!--https://nzbirdsonline.org.nz/species/north-island-brown-kiwi  -->
	<bird>
		<english_name>North Island brown kiwi</english_name>
		<maori_name>Kiwi-nui</maori_name>
		<scientific_name>Apteryx mantelli</scientific_name>
		<conservation_status>Not Threatened</conservation_status>
		<classification>Flightless</classification>
		<other_names></other_names>
		<length>40 cm</length>
		<weight>2 kg (male), 2.7 kg (female)</weight>
		<bird_id>10</bird_id>
		<information>
			The only kiwi in the wild in the North Island. Widespread in native forest and scrub, pine forests, rough farmland from sea level to 1400 m north of the Manawatu Gorge. Flightless, with tiny vestigial wings and no tail. Nocturnal, therefore more often heard than seen. Male gives a repeated high-pitched ascending whistle, female gives a deeper throaty cry. Dark brown, streaked lengthways with reddish brown and black. Feather tips feel spiky. Long pale bill, short dark legs and toes, often with dark claws.
		</information>
		<image>../images/north_brown_kiwi.jpg</image>
	</bird>

	<!--https://nzbirdsonline.org.nz/species/southern-brown-kiwi -->
	<bird>
		<english_name>Southern brown kiwi</english_name>
		<maori_name>Tokoeka</maori_name>
		<scientific_name>Apteryx australis</scientific_name>
		<conservation_status>Naturally Uncommon</conservation_status>
		<classification>Flightless</classification>
		<other_names></other_names>
		<length>45 cm</length>
		<weight>2.4 kg (male), 3.1 kg (female)</weight>
		<bird_id>11</bird_id>
		<information>
			The Stewart Island tokoeka is the largest of the kiwi. Fiordland tokoeka are also very large, but Haast birds are smaller. Widespread in forest, scrub, tussock grasslands and subalpine zones of the south-western South Island and on Stewart Island. Flightless, with tiny vestigial wings and no tail. Generally nocturnal, therefore more often heard than seen, except on Stewart Island where birds often forage during the day. Male gives a repeated high-pitched ascending whistle, female gives a deeper throaty cry. A range of colours from rufous brown in Haast, to brown and dark brown elsewhere, streaked lengthways with reddish brown and black. Feather tips feel soft. Long pale bill, short legs and toes.
		</information>
		<image>../images/south_brown_kiwi.jpg</image>
	</bird>

	<!--https://nzbirdsonline.org.nz/species/great-spotted-kiwi  -->
	<bird>
		<english_name>Great spotted kiwi</english_name>
		<maori_name>Roroa</maori_name>
		<scientific_name>Apteryx maxima</scientific_name>
		<conservation_status>Nationally Vulnerable</conservation_status>
		<classification>Flightless</classification>
		<other_names>roa</other_names>
		<length>45 cm</length>
		<weight>2.2 kg (male), 3 kg (female)</weight>
		<bird_id>12</bird_id>
		<information>
			The second largest of the five kiwi species. Widespread in forest, scrub, upland tussock grasslands and subalpine zones of the north-western South Island. Flightless, with tiny vestigial wings and no tail. Nocturnal, therefore more often heard than seen. Male gives a repeated high-pitched ascending whistle, female gives a slower and lower pitched ascending whistle. Plumage brownish-grey finely mottled or banded horizontally with white, long pale bill, short dark legs and toes, often with dark or dark streaked claws. Until 2021 known as Apteryx haastii; however, this name was based on two hybrid rowi x little spotted kiwi specimens captured near Franz Josef.
		</information>
		<image>../images/spotted_kiwi.jpg</image>
	</bird>

	<!--https://nzbirdsonline.org.nz/species/thin-billed-prion  -->
	<bird>
		<english_name>Thin-billed prion</english_name>
		<maori_name>Korotangi</maori_name>
		<scientific_name>Pachyptila belcheri</scientific_name>
		<conservation_status>Migrant</conservation_status>
		<classification>Seabird</classification>
		<other_names> narrow-billed prion, slender-billed prion, thinbilled prion, thin billed prion, narrowbilled prion, narrow billed prion, slenderbilled prion, slender billed prion</other_names>
		<length> 26 cm</length>
		<weight>145 g</weight>
		<bird_id>13</bird_id>
		<information>
			The thin-billed prion is an abundant small seabird of the Falkland Islands, southern Chile, and the southern Indian Ocean (Kerguelen Islands). They are very similar in appearance to the five other prion species: blue-grey and black above, and white below, with blue-grey bill and blue legs. Thin-billed prions do not breed in the New Zealand region, but low numbers are often found storm-wrecked on beaches in late winter, especially on the west coast of the North Island.
		</information>
		<image>../images/prion.jpg</image>
	</bird>

	<!--https://nzbirdsonline.org.nz/species/grey-backed-storm-petrel  -->
	<bird>
		<english_name>Grey-backed storm petrel</english_name>
		<maori_name>Reoreo</maori_name>
		<scientific_name>Garrodia nereis</scientific_name>
		<conservation_status>Relict</conservation_status>
		<classification>Seabird</classification>
		<other_names>
			gray-backed storm petrel, greybacked storm petrel, grey backed storm petrel
		</other_names>
		<length>18 cm</length>
		<weight>32 g</weight>
		<bird_id>14</bird_id>
		<information>
			Grey-backed storm petrels are tiny grey-and-white seabirds found throughout the southern ocean in subantantarctic to temperate waters. They do not migrate, but range further away from the breeding islands after the season is over. Although one of the smallest seabirds known from the New Zealand region, they thrive in the often wild seas of the roaring forties, the furious fifties and even reaching the screaming sixties. There is a long history of grey-backed storm petrels being attracted to lights in Fiordland and South Westland, including adults with bare brood-patches, and recently fledged young with down adhering. The provenance of these birds is unknown, but there has been speculation that there may be a breeding colony somewhere inaccessible to predators in a remote area of Fiordland.
		</information>
		<image>../images/grey_storm_petrel.jpg</image>
	</bird>

	<!-- https://nzbirdsonline.org.nz/species/grey-noddy -->
	<bird>
		<english_name>Grey noddy</english_name>
		<maori_name></maori_name>
		<scientific_name>Anous albivittus</scientific_name>
		<conservation_status>Relict</conservation_status>
		<classification>Seabird</classification>
		<other_names>
			grey ternlet, blue-grey noddy, blue-billy, gray ternlet, gray noddy, blue-gray noddy
		</other_names>
		<length>22 - 28 cm</length>
		<weight>45 - 70 g</weight>
		<bird_id>15</bird_id>
		<information>
			This small, graceful tern of the subtropical and tropical Pacific hovers and flutters using its webbed feet to patter on the sea surface while feeding, like a storm-petrel. The Latin name Procelsterna is a compounding of Procellaria, or "storm-petrel", and the Latin "sterna" for a tern; "cerulea" refers to its blue-grey colour. Its closest relative is the larger white tern. Both species have prominent dark eyes with a small black surrounding patch that extends from the eye towards the bill. In contrast to the pure white plumage of the white tern, the grey noddy has blue-grey wings, grading darker at the tips.
		</information>
		<image>../images/noddy.jpg</image>
	</bird>

	<!-- https://nzbirdsonline.org.nz/species/fluttering-shearwater -->
	<bird>
		<english_name>Fluttering shearwater</english_name>
		<maori_name>Pakahā</maori_name>
		<scientific_name>Puffinus gavia</scientific_name>
		<conservation_status>Relict</conservation_status>
		<classification>Seabird</classification>
		<other_names>
			pakaha, Forster's shearwater, brown-beaked shearwater, flutterer
		</other_names>
		<length>37 cm</length>
		<weight>365 g</weight>
		<bird_id>16</bird_id>
		<information>
			The fluttering shearwater, with its distinctive, "flutter-glide" flight, is a ubiquitous seabird of inshore waters in the top half of New Zealand, especially in the northern-eastern North Island and Marlborough Sounds-Cook Strait regions. It is often seen in flocks, sometimes numbering thousands of birds, moving rapidly while foraging. Fluttering shearwaters feeds in association with schools of fish (e.g. kahawai, trevally) or in massive groups at the surface on crustaceans; and at times, resting in large, dense rafts. During the post-breeding period, a considerable proportion of the population remain within local waters, where fluttering shearwaters are a common sight inshore throughout winter months. They have been observed visiting colonies during the non-breeding period. However, they are also trans-Tasman migrants and are recorded in considerable numbers in eastern and south-eastern Australian waters from February to August. These birds may all be pre-breeders, and have included band recoveries of recently-fledged chicks.   
		</information>
		<image>../images/fluttering_shearwater.jpg</image>
	</bird>

	<!--https://nzbirdsonline.org.nz/species/snares-crested-penguin-pokotiwha -->
	<bird>
		<english_name>Snares crested penguin</english_name>
		<maori_name>Pokotiwha</maori_name>
		<scientific_name>Eudyptes robustus</scientific_name>
		<conservation_status>Naturally Uncommon</conservation_status>
		<classification>Seabird</classification>
		<other_names>Snares penguin, Snares Island penguin</other_names>
		<length>60 cm</length>
		<weight>3 kg</weight>
		<bird_id>17</bird_id>
		<information>
			The Snares crested penguin is one of eight similar-looking species of crested penguins, all of which have occurred in New Zealand, and four of which breed here. The Snares crested penguin has the most restricted breeding distribution of all the crested penguin species, being endemic to the 300 ha Snares Islands group. Moulting birds may occur on any of the subantarctic islands and north to Cook Strait. It is sometimes considered conspecific with the Fiordland crested penguin. However, despite 20-30 of the latter visiting the Snares Islands each breeding season, the two species have never been found interbreeding. An enduring mystery of the Snares crested penguin is why birds in the tiny population on the Western Chain islets, 3 km south-west of the main islands, breed 6 weeks later than the birds on North East and Broughton Islands. Are these birds reproductively isolated, and therefore a cryptic species?
		</information>
		<image>../images/crested_penguin.jpg</image>
	</bird>

	<!--https://nzbirdsonline.org.nz/species/snares-island-snipe  -->
	<bird>
		<english_name>Snares Island snipe</english_name>
		<maori_name>Tutukiwi</maori_name>
		<scientific_name>Coenocorypha huegeli</scientific_name>
		<conservation_status>Naturally Uncommon</conservation_status>
		<classification>Flightless</classification>
		<other_names>tutukiwi, New Zealand snipe</other_names>
		<length>22 cm</length>
		<weight>109 g</weight>
		<bird_id>18</bird_id>
		<information>
			The Snares Islands snipe is the stockiest and most sombre-plumaged member of the New Zealand snipes. Between 1953 and 2010 it was considered a subspecies of what is now called the subantarctic snipe. Genetic comparisons then confirmed earlier suggestions that the Snares Islands birds were structurally distinct from the snipe found on islands further south. Naturally confined to a tiny island group, the Snares Island snipe has never been impacted by introduced predators. Following a translocation to Putauhinu Island in 2005 (to replace the extinct South Island snipe), and subsequent translocations to other islands near Stewart Island, the Snares Island snipe is probably more abundant than at any time in its evolutionary history.
		</information>
		<image>../images/snares_snipe.jpg</image>
	</bird>

	<!--https://nzbirdsonline.org.nz/species/chatham-island-mollymawk -->
	<bird>
		<english_name>Chatham Island mollymawk</english_name>
		<maori_name>Toroa</maori_name>
		<scientific_name>Thalassarche eremita</scientific_name>
		<conservation_status>Naturally Uncommon</conservation_status>
		<classification>Seabird</classification>
		<other_names>
			Chatham Island albatross, Chatham albatross, Chatham mollymawk
		</other_names>
		<length>90 cm</length>
		<weight>3.1 - 4.7 kg</weight>
		<bird_id>19</bird_id>
		<information>
			The Chatham Island mollymawk is a rare albatross with a restricted range. It is striking in appearance, with a dark grey head and bright yellow bill. Endemic to the Chatham Islands, the entire population breeds on The Pyramid, an isolated, almost inaccessible rock stack located south of Pitt Island in the South Pacific Ocean. Truly a pelagic species they spend most of their life at sea only returning to land to breed. The population is stable but vulnerable to severe storm events. Small numbers are caught as bycatch in domestic longline fisheries in New Zealand. However, they are vulnerable to longline fisheries off the coasts of Peru and Chile, where they migrate to outside the breeding season.
		</information>
		<image>../images/mollymawk.jpg</image>
	</bird>

	<!-- https://nzbirdsonline.org.nz/species/spotless-crake -->
	<bird>
		<english_name>Spotless crake</english_name>
		<maori_name>Pūweto</maori_name>
		<scientific_name>Zapornia tabuensis</scientific_name>
		<conservation_status>Declining</conservation_status>
		<classification>Wetland</classification>
		<other_names>sooty rail, pūweto, puweto, putoto</other_names>
		<length>20 cm</length>
		<weight>45 g</weight>
		<bird_id>20</bird_id>
		<information>
			The spotless crake is a cryptic bird of freshwater wetlands throughout the North Island. It is a small, dark coloured rail (about half the size of a Eurasian blackbird) that is very secretive and infrequently seen. Their furtive nature and good dispersal ability mean that they could be present in areas of suitable habitat far from known populations.
		</information>
		<image>../images/spotless_crake.jpg</image>
	</bird>

	<!-- https://nzbirdsonline.org.nz/species/black-billed-gull -->
	<bird>
		<english_name>Black-billed gull</english_name>
		<maori_name>Tarāpuka</maori_name>
		<scientific_name>Chroicocephalus bulleri</scientific_name>
		<conservation_status>Declining</conservation_status>
		<classification>Seabird</classification>
		<other_names>
			Buller's gull, tarapuka, seagull, blackbilled gull, black billed gull
		</other_names>
		<length>35 - 38 cm</length>
		<weight>230 g</weight>
		<bird_id>21</bird_id>
		<information>
			Although the black-billed gull is still relatively abundant, numbers of birds throughout the South Island have rapidly declined. Nevertheless, colonies can still number in the thousands. The black-billed gull is found only in New Zealand, unlike our two other common gull species. They are less likely to be found in towns and cities than the other gulls, and are not commonly observed scavenging for food. Interestingly, though declining overall, the black-billed gull has expanded its breeding range in the North Island in the last few decades, and now breeds as far north as the Kaipara Harbour.
		</information>
		<image>../images/black_billed_gull.jpg</image>
	</bird>

	<!-- https://nzbirdsonline.org.nz/species/white-fronted-tern -->
	<bird>
		<english_name>White-fronted tern</english_name>
		<maori_name>Tara</maori_name>
		<scientific_name>Sterna striata Gmelin</scientific_name>
		<conservation_status>Declining</conservation_status>
		<classification>Seabird</classification>
		<other_names>
			kahawai bird, sea-swallow, swallowtail, black-billed tern, whitefronted tern, white fronted tern
		</other_names>
		<length>42 cm</length>
		<weight>160 g</weight>
		<bird_id>22</bird_id>
		<information>
			The white-fronted tern is the most common tern on the New Zealand coastline, at times occurring in flocks of many hundreds or even thousands of birds. It is mainly a marine species that is seldom found far from the coast. The name "white-fronted" refers to the "frons" or forehead, where a thin strip of white separates the black cap from the black bill. Most other "capped" terns, including the black-fronted tern, have black caps that reach the bill when in breeding plumage. The scientific name striata refers to the finely-barred (striated) dorsal plumage of recently fledged white-fronted terns, as the original description and name was based on a juvenile bird painted by William Ellis, surgeon's second mate on the Discovery, on Captain Cook's third visit to New Zealand.
		</information>
		<image>../images/white_fronted_tern.jpg</image>
	</bird>

	<!-- https://nzbirdsonline.org.nz/species/grey-teal  (HERE UP)--> 
	<bird>
		<english_name>Grey teal</english_name>
		<maori_name>Tētē-moroiti</maori_name>
		<scientific_name>Anas gracilis</scientific_name>
		<conservation_status>Not Threatened</conservation_status>
		<classification>Wetland</classification>
		<other_names>tētē, tete moroiti, tete, gray teal</other_names>
		<length>42 - 44 cm</length>
		<weight>505 g (male); 470 g (female)</weight>
		<bird_id>23</bird_id>
		<information>
			The grey teal is a small dabbling duck that frequents shallow freshwater lakes. The bird is extremely nomadic. This nomadic way of life enables the bird to quickly exploit shallow temporary water during irregular flooding in the interior of Australia. The grey teal was self-introduced to New Zealand from Australia from irregular irruptions. The last major irruption occurred in 1957 following drought conditions in Australia. Pair-bonds appear to be retained from one season to the next. 
		</information>
		<image>../images/grey_teal.jpg</image>
	</bird>

	<!-- https://nzbirdsonline.org.nz/species/black-swan -->
	<bird>
		<english_name>Black swan</english_name>
		<maori_name>Kakīānau</maori_name>
		<scientific_name>Cygnus atratus</scientific_name>
		<conservation_status>Not Threatened</conservation_status>
		<classification>Wetland</classification>
		<other_names>kakaianu</other_names>
		<length>110 - 140 cm</length>
		<weight>5 - 7 kg (male), 4 - 6 kg (female)</weight>
		<bird_id>24</bird_id>
		<information>
			Black swans were deliberately reintroduced, initially from Melbourne, in the 1860s. Their distribution and abundance within a few years of those small reintroductions suggests that, coincidentally, natural re-colonisation may have occurred. Periodic immigration from Australia may still occur but has yet to be confirmed. Widespread and common in eastern and south-western Australia and Tasmania, the black swan also ranges into the continent's interior following heavy rain events.
		</information>
		<image>../images/black_swan.jpg</image>
	</bird>

	<!-- https://nzbirdsonline.org.nz/species/australian-wood-duck -->
	<bird>
		<english_name>Australian wood duck</english_name>
		<maori_name></maori_name>
		<scientific_name>Chenonetta jubata</scientific_name>
		<conservation_status>Coloniser</conservation_status>
		<classification>Wetland</classification>
		<other_names>maned goose, maned duck</other_names>
		<length>48 cm</length>
		<weight>800 g</weight>
		<bird_id>25</bird_id>
		<information>
			This rare vagrant to New Zealand has a distinctive dumpy goose-like appearance. Molecular genetic studies show that the Australian wood duck is related to shelducks (Tadorna spp.), not to pygmy-geese (Nettapus spp.) as previously thought from its outward appearance. Vagrants in much earlier times, perhaps during one of the Pleistocene glaciations, are thought to have given rise to the now-extinct New Zealand species, Finsch's duck, Chenonetta finschi.
		</information>
		<image>../images/wood_duck.jpg</image>
	</bird>

	<!-- https://nzbirdsonline.org.nz/species/brown-quail -->
	<bird>
		<english_name>Brown quail</english_name>
		<maori_name>Kuera</maori_name>
		<scientific_name>../images/wood_duck.jpg</scientific_name>
		<conservation_status>Introduced and Naturalised</conservation_status>
		<classification>Flightless</classification>
		<other_names>Australian brown quail, kuera, koera</other_names>
		<length>18 - 20 cm</length>
		<weight>82 - 100 g</weight>
		<bird_id>26</bird_id>
		<information>
			The brown quail was introduced to Auckland, Wellington, Otago and Southland during 1866-80, but is currently restricted to the northern North Island and its offshore islands. Along with failed releases of other quail species from Australia at the same time, it is possible that these releases contributed to the extinction of the endemic New Zealand quail through the introduction of new diseases. Tiritiri Matangi Island and Shakespear and Tawharanui Regional Parks are the most accessible places in New Zealand where brown quail are reliably found.
		</information>
		<image>../images/brown_quail.jpg</image>
	</bird>

	<!-- https://nzbirdsonline.org.nz/species/california-quail -->
	<bird>
		<english_name>California quail</english_name>
		<maori_name>Tikaokao</maori_name>
		<scientific_name>Callipepla californica</scientific_name>
		<conservation_status>Introduced and Naturalised</conservation_status>
		<classification>Flightless</classification>
		<other_names>plumed quail, McPherson quail</other_names>
		<length>25 cm</length>
		<weight>145 - 210 g</weight>
		<bird_id>27</bird_id>
		<information>
			California quail are small, plump introduced game birds. They are common in open shrublands throughout most of the country. The male has a striking black face bordered with white, and a conspicuous top-knot or plume. The female is duller in colour with a less obvious plume. The young are numerous and able to fly at a young age, but have a low survival rate. In autumn, quail gather in large coveys to feed and roost together. The male call, often represented as "Chi-ca-go", is distinctive and diagnostic.
		</information>
		<image>../images/cali_quail.jpg</image>
	</bird>

	<!-- https://nzbirdsonline.org.nz/species/variable-oystercatcher -->
	<bird>
		<english_name>Variable oystercatcher</english_name>
		<maori_name>Tōrea pango</maori_name>
		<scientific_name>Haematopus unicolor</scientific_name>
		<conservation_status>Recovering</conservation_status>
		<classification>Seabird</classification>
		<other_names>
			black oystercatcher, torea pango, tōrea tai, torea tai, tōrea, torea, VOC
		</other_names>
		<length>48 cm</length>
		<weight>720 g</weight>
		<bird_id>28</bird_id>
		<information>
			The variable oystercatcher is a familiar stocky coastal bird with a long, bright orange bill, found around much of New Zealand. They are often seen in pairs probing busily for shellfish along beaches or in estuaries. Previously shot for food, variable oystercatchers probably reached low numbers before being protected in 1922, since when numbers have increased rapidly. They are long-lived, with some birds reaching 30+ years of age. The existence of different colour morphs (black, intermediate or "smudgy", and pied) caused early confusion, and they were variously thought to be different species, forms, or hybrids. This confusion was compounded by a cline in morphs, with the proportion of all-black birds increasing from north to south. The colour morphs inter-breed freely and are now all accepted as being a single species.
		</information>
		<image>../images/var_oyster.jpg</image>
	</bird>

	<!-- https://nzbirdsonline.org.nz/species/new-zealand-falcon -->
	<bird>
		<english_name>New Zealand falcon</english_name>
		<maori_name>Kārearea</maori_name>
		<scientific_name>Falco novaeseelandiae</scientific_name>
		<conservation_status>Recovering</conservation_status>
		<classification>Land</classification>
		<other_names>
			bush hawk, sparrow hawk, bush falcon, southern falcon, eastern falcon, quail hawk, karearea
		</other_names>
		<length>40 - 50 cm</length>
		<weight>205 - 340 g (male), 420 - 740 g (female)</weight>
		<bird_id>29</bird_id>
		<information>
			The New Zealand falcon is a magpie-sized raptor that feeds predominantly on live prey. Adapted to hunt within the dense New Zealand forests they are also found in more open habitats such as tussocklands and roughly grazed hill country. More recently they have been discovered breeding in exotic pine plantations. Laying their eggs in simple scrapes they can nest in a variety of locations, from within the epiphytes that grow in large trees, to on the ground under small rocky outcrops. Where they nest on the ground they are well known for attacking intruders, including humans, with aggressive dive-bombing strikes to the head.
		</information>
		<image_220>nz_falcon-220.jpg</image_220>
		<alt>New Zealand falcon | Kārearea. Adult. East Otago, January 2011. Image © Craig McKenzie by Craig McKenzie</alt>
		<source>https://nzbirdsonline.org.nz/species/new-zealand-falcon</source>
	</bird>

</bird_list>